Team,Year,Wins,ERA,Runs,Salary,RunsTimesTwo,RunsTimesFive,RunsTimesTen,RunsTimesHundred,RunsTimesThousand,RunsTimes100k,RunsTimesMillion
ARI,2015,79,4.04,720,76781801.00,1440,3600,7200,72000,720000,72000000,720000000
ATL,2015,67,4.41,573,110981246.00,1146,2865,5730,57300,573000,57300000,573000000
BAL,2015,81,4.04,713,117784476.00,1426,3565,7130,71300,713000,71300000,713000000
BOS,2015,78,4.31,748,214981478.00,1496,3740,7480,74800,748000,74800000,748000000
CHC,2015,97,3.36,689,132993810.00,1378,3445,6890,68900,689000,68900000,689000000
CHW,2015,76,3.98,622,118875487.00,1244,3110,6220,62200,622000,62200000,622000000
CIN,2015,64,4.33,640,112676976.00,1280,3200,6400,64000,640000,64000000,640000000
CLE,2015,81,3.67,669,77404413.00,1338,3345,6690,66900,669000,66900000,669000000
COL,2015,68,5.04,737,106860781.00,1474,3685,7370,73700,737000,73700000,737000000
DET,2015,74,4.64,689,162160921.00,1378,3445,6890,68900,689000,68900000,689000000
HOU,2015,86,3.57,729,81450835.00,1458,3645,7290,72900,729000,72900000,729000000
KCR,2015,95,3.73,724,126560340.00,1448,3620,7240,72400,724000,72400000,724000000
LAA,2015,85,3.94,661,151348162.00,1322,3305,6610,66100,661000,66100000,661000000
LAD,2015,92,3.44,667,301735080.00,1334,3335,6670,66700,667000,66700000,667000000
MIA,2015,71,4.02,613,63590525.00,1226,3065,6130,61300,613000,61300000,613000000
MIL,2015,68,4.28,655,94010873.00,1310,3275,6550,65500,655000,65500000,655000000
MIN,2015,83,4.07,696,106431818.00,1392,3480,6960,69600,696000,69600000,696000000
NYM,2015,90,3.43,683,115698927.00,1366,3415,6830,68300,683000,68300000,683000000
NYY,2015,87,4.04,764,222528373.00,1528,3820,7640,76400,764000,76400000,764000000
OAK,2015,68,4.14,694,80376830.00,1388,3470,6940,69400,694000,69400000,694000000
PHI,2015,63,4.69,626,141722639.00,1252,3130,6260,62600,626000,62600000,626000000
PIT,2015,98,3.21,697,99435606.00,1394,3485,6970,69700,697000,69700000,697000000
SDP,2015,74,4.09,650,127540272.00,1300,3250,6500,65000,650000,65000000,650000000
SEA,2015,76,4.16,656,126045473.00,1312,3280,6560,65600,656000,65600000,656000000
SFG,2015,84,3.72,696,186663630.00,1392,3480,6960,69600,696000,69600000,696000000
STL,2015,100,2.94,647,132178951.00,1294,3235,6470,64700,647000,64700000,647000000
TBR,2015,80,3.74,644,73582652.00,1288,3220,6440,64400,644000,64400000,644000000
TEX,2015,88,4.24,751,152445607.00,1502,3755,7510,75100,751000,75100000,751000000
TOR,2015,93,3.80,891,138309664.00,1782,4455,8910,89100,891000,89100000,891000000
WSN,2015,83,3.62,703,165655095.00,1406,3515,7030,70300,703000,70300000,703000000
ARI,2014,64,3.40,615,108577046.00,1230,3075,6150,61500,615000,61500000,615000000
ATL,2014,79,3.38,573,116008564.00,1146,2865,5730,57300,573000,57300000,573000000
BAL,2014,96,3.43,705,114362943.00,1410,3525,7050,70500,705000,70500000,705000000
BOS,2014,71,4.01,634,173466258.00,1268,3170,6340,63400,634000,63400000,634000000
CHC,2014,73,3.91,614,92664741.00,1228,3070,6140,61400,614000,61400000,614000000
CHW,2014,73,4.29,660,95803236.00,1320,3300,6600,66000,660000,66000000,660000000
CIN,2014,76,3.59,595,113351318.00,1190,2975,5950,59500,595000,59500000,595000000
CLE,2014,85,3.56,669,85969908.00,1338,3345,6690,66900,669000,66900000,669000000
COL,2014,66,4.84,755,96659578.00,1510,3775,7550,75500,755000,75500000,755000000
DET,2014,90,4.01,757,171996220.00,1514,3785,7570,75700,757000,75700000,757000000
HOU,2014,70,4.11,629,51679490.00,1258,3145,6290,62900,629000,62900000,629000000
KCR,2014,89,3.51,651,100758900.00,1302,3255,6510,65100,651000,65100000,651000000
LAA,2014,98,3.58,773,165403251.00,1546,3865,7730,77300,773000,77300000,773000000
LAD,2014,94,4.26,718,246367142.00,1436,3590,7180,71800,718000,71800000,718000000
MIA,2014,77,3.78,645,56671396.00,1290,3225,6450,64500,645000,64500000,645000000
MIL,2014,82,3.67,650,110577046.00,1300,3250,6500,65000,650000,65000000,650000000
MIN,2014,70,4.57,715,87494478.00,1430,3575,7150,71500,715000,71500000,715000000
NYM,2014,79,3.49,629,94478037.00,1258,3145,6290,62900,629000,62900000,629000000
NYY,2014,84,3.75,633,215916731.00,1266,3165,6330,63300,633000,63300000,633000000
OAK,2014,88,3.22,729,93518412.00,1458,3645,7290,72900,729000,72900000,729000000
PHI,2014,73,3.79,619,175061605.00,1238,3095,6190,61900,619000,61900000,619000000
PIT,2014,88,3.47,682,76974115.00,1364,3410,6820,68200,682000,68200000,682000000
SDP,2014,77,3.27,535,88901967.00,1070,2675,5350,53500,535000,53500000,535000000
SEA,2014,87,3.17,634,107034174.00,1268,3170,6340,63400,634000,63400000,634000000
SFG,2014,88,3.50,665,171586782.00,1330,3325,6650,66500,665000,66500000,665000000
STL,2014,90,3.50,619,121567356.00,1238,3095,6190,61900,619000,61900000,619000000
TBR,2014,77,3.56,612,82606546.00,1224,3060,6120,61200,612000,61200000,612000000
TEX,2014,67,4.49,637,139630583.00,1274,3185,6370,63700,637000,63700000,637000000
TOR,2014,83,4.00,723,145851129.00,1446,3615,7230,72300,723000,72300000,723000000
WSN,2014,96,3.03,686,149470982.00,1372,3430,6860,68600,686000,68600000,686000000
ARI,2013,81,3.92,685,90586723.00,1370,3425,6850,68500,685000,68500000,685000000
ATL,2013,96,3.18,688,94947950.00,1376,3440,6880,68800,688000,68800000,688000000
BAL,2013,85,4.20,745,103906638.00,1490,3725,7450,74500,745000,74500000,745000000
BOS,2013,97,3.79,853,174984264.00,1706,4265,8530,85300,853000,85300000,853000000
CHC,2013,66,4.00,602,106796299.00,1204,3010,6020,60200,602000,60200000,602000000
CHW,2013,63,3.98,598,111777595.00,1196,2990,5980,59800,598000,59800000,598000000
CIN,2013,90,3.38,698,105304640.00,1396,3490,6980,69800,698000,69800000,698000000
CLE,2013,92,3.82,745,93472497.00,1490,3725,7450,74500,745000,74500000,745000000
COL,2013,74,4.44,706,79317143.00,1412,3530,7060,70600,706000,70600000,706000000
DET,2013,93,3.61,796,155448539.00,1592,3980,7960,79600,796000,79600000,796000000
HOU,2013,51,4.79,610,29217913.00,1220,3050,6100,61000,610000,61000000,610000000
KCR,2013,86,3.45,648,84398434.00,1296,3240,6480,64800,648000,64800000,648000000
LAA,2013,78,4.23,733,141435103.00,1466,3665,7330,73300,733000,73300000,733000000
LAD,2013,92,3.25,649,239894375.00,1298,3245,6490,64900,649000,64900000,649000000
MIA,2013,63,3.71,513,36028542.00,1026,2565,5130,51300,513000,51300000,513000000
MIL,2013,74,3.84,640,88221045.00,1280,3200,6400,64000,640000,64000000,640000000
MIN,2013,66,4.55,614,81458898.00,1228,3070,6140,61400,614000,61400000,614000000
NYM,2013,74,3.77,619,101300814.00,1238,3095,6190,61900,619000,61900000,619000000
NYY,2013,85,3.94,650,242739040.00,1300,3250,6500,65000,650000,65000000,650000000
OAK,2013,96,3.56,767,66932293.00,1534,3835,7670,76700,767000,76700000,767000000
PHI,2013,73,4.32,610,163536898.00,1220,3050,6100,61000,610000,61000000,610000000
PIT,2013,94,3.26,634,71480984.00,1268,3170,6340,63400,634000,63400000,634000000
SDP,2013,76,3.98,618,73286341.00,1236,3090,6180,61800,618000,61800000,618000000
SEA,2013,71,4.31,624,83220022.00,1248,3120,6240,62400,624000,62400000,624000000
SFG,2013,76,4.00,629,140280186.00,1258,3145,6290,62900,629000,62900000,629000000
STL,2013,97,3.41,783,120516627.00,1566,3915,7830,78300,783000,78300000,783000000
TBR,2013,92,3.74,700,74572903.00,1400,3500,7000,70000,700000,70000000,700000000
TEX,2013,91,3.62,730,141585546.00,1460,3650,7300,73000,730000,73000000,730000000
TOR,2013,74,4.25,712,131776168.00,1424,3560,7120,71200,712000,71200000,712000000
WSN,2013,86,3.59,656,116883274.00,1312,3280,6560,65600,656000,65600000,656000000
ARI,2012,81,3.93,734,83120205.00,1468,3670,7340,73400,734000,73400000,734000000
ATL,2012,94,3.42,700,98628056.00,1400,3500,7000,70000,700000,70000000,700000000
BAL,2012,93,3.90,712,89173368.00,1424,3560,7120,71200,712000,71200000,712000000
BOS,2012,69,4.70,734,177329051.00,1468,3670,7340,73400,734000,73400000,734000000
CHC,2012,61,4.51,613,116341526.00,1226,3065,6130,61300,613000,61300000,613000000
CHW,2012,85,4.02,748,109099803.00,1496,3740,7480,74800,748000,74800000,748000000
CIN,2012,97,3.34,669,89901498.00,1338,3345,6690,66900,669000,66900000,669000000
CLE,2012,68,4.78,667,77634289.00,1334,3335,6670,66700,667000,66700000,667000000
COL,2012,64,5.22,758,88210881.00,1516,3790,7580,75800,758000,75800000,758000000
DET,2012,88,3.75,726,145654784.00,1452,3630,7260,72600,726000,72600000,726000000
HOU,2012,55,4.56,583,59447239.00,1166,2915,5830,58300,583000,58300000,583000000
KCR,2012,72,4.30,676,70344235.00,1352,3380,6760,67600,676000,67600000,676000000
LAA,2012,89,4.02,767,157584925.00,1534,3835,7670,76700,767000,76700000,767000000
LAD,2012,86,3.34,637,121875317.00,1274,3185,6370,63700,637000,63700000,637000000
MIA,2012,69,4.09,609,98392974.00,1218,3045,6090,60900,609000,60900000,609000000
MIL,2012,83,4.22,776,112105300.00,1552,3880,7760,77600,776000,77600000,776000000
MIN,2012,66,4.77,701,109130327.00,1402,3505,7010,70100,701000,70100000,701000000
NYM,2012,74,4.09,650,105869476.00,1300,3250,6500,65000,650000,65000000,650000000
NYY,2012,95,3.85,804,228987356.00,1608,4020,8040,80400,804000,80400000,804000000
OAK,2012,94,3.48,713,63123573.00,1426,3565,7130,71300,713000,71300000,713000000
PHI,2012,81,3.83,684,179900523.00,1368,3420,6840,68400,684000,68400000,684000000
PIT,2012,79,3.86,651,61803269.00,1302,3255,6510,65100,651000,65100000,651000000
SDP,2012,76,4.01,651,63839413.00,1302,3255,6510,65100,651000,65100000,651000000
SEA,2012,75,3.76,619,88939430.00,1238,3095,6190,61900,619000,61900000,619000000
SFG,2012,94,3.68,718,137523205.00,1436,3590,7180,71800,718000,71800000,718000000
STL,2012,88,3.71,765,122361369.00,1530,3825,7650,76500,765000,76500000,765000000
TBR,2012,90,3.19,697,70498030.00,1394,3485,6970,69700,697000,69700000,697000000
TEX,2012,93,3.99,808,142126346.00,1616,4040,8080,80800,808000,80800000,808000000
TOR,2012,73,4.64,716,99093922.00,1432,3580,7160,71600,716000,71600000,716000000
WSN,2012,98,3.33,731,98456813.00,1462,3655,7310,73100,731000,73100000,731000000
ARI,2011,94,3.80,731,71892471.00,1462,3655,7310,73100,731000,73100000,731000000
ATL,2011,89,3.48,641,100352830.00,1282,3205,6410,64100,641000,64100000,641000000
BAL,2011,69,4.89,708,94663071.00,1416,3540,7080,70800,708000,70800000,708000000
BOS,2011,90,4.20,875,180688261.00,1750,4375,8750,87500,875000,87500000,875000000
CHC,2011,71,4.33,654,142127698.00,1308,3270,6540,65400,654000,65400000,654000000
CHW,2011,79,4.10,654,130753749.00,1308,3270,6540,65400,654000,65400000,654000000
CIN,2011,79,4.16,735,82130546.00,1470,3675,7350,73500,735000,73500000,735000000
CLE,2011,80,4.23,704,56351973.00,1408,3520,7040,70400,704000,70400000,704000000
COL,2011,73,4.43,735,84662170.00,1470,3675,7350,73500,735000,73500000,735000000
DET,2011,95,4.04,787,112473915.00,1574,3935,7870,78700,787000,78700000,787000000
HOU,2011,56,4.51,615,89656503.00,1230,3075,6150,61500,615000,61500000,615000000
KCR,2011,71,4.44,730,40693273.00,1460,3650,7300,73000,730000,73000000,730000000
LAA,2011,86,3.57,667,148380267.00,1334,3335,6670,66700,667000,66700000,667000000
LAD,2011,82,3.54,644,118668615.00,1288,3220,6440,64400,644000,64400000,644000000
MIA,2011,72,3.95,625,65382393.00,1250,3125,6250,62500,625000,62500000,625000000
MIL,2011,96,3.63,721,92577802.00,1442,3605,7210,72100,721000,72100000,721000000
MIN,2011,63,4.58,619,115979594.00,1238,3095,6190,61900,619000,61900000,619000000
NYM,2011,77,4.19,718,142256841.00,1436,3590,7180,71800,718000,71800000,718000000
NYY,2011,97,3.73,867,215434678.00,1734,4335,8670,86700,867000,86700000,867000000
OAK,2011,74,3.71,645,78335548.00,1290,3225,6450,64500,645000,64500000,645000000
PHI,2011,102,3.02,713,170218182.00,1426,3565,7130,71300,713000,71300000,713000000
PIT,2011,72,4.04,610,57592727.00,1220,3050,6100,61000,610000,61000000,610000000
SDP,2011,71,3.42,593,52782510.00,1186,2965,5930,59300,593000,59300000,593000000
SEA,2011,67,3.90,556,102894148.00,1112,2780,5560,55600,556000,55600000,556000000
SFG,2011,86,3.20,570,127098250.00,1140,2850,5700,57000,570000,57000000,570000000
STL,2011,90,3.74,762,118668615.00,1524,3810,7620,76200,762000,76200000,762000000
TBR,2011,91,3.58,707,49907532.00,1414,3535,7070,70700,707000,70700000,707000000
TEX,2011,96,3.79,855,104466721.00,1710,4275,8550,85500,855000,85500000,855000000
TOR,2011,81,4.32,743,75241604.00,1486,3715,7430,74300,743000,74300000,743000000
WSN,2011,80,3.58,624,78024723.00,1248,3120,6240,62400,624000,62400000,624000000
ARI,2010,65,4.87,713,60718167.00,1426,3565,7130,71300,713000,71300000,713000000
ATL,2010,91,3.59,738,84423667.00,1476,3690,7380,73800,738000,73800000,738000000
BAL,2010,66,4.59,613,81612500.00,1226,3065,6130,61300,613000,61300000,613000000
BOS,2010,89,4.19,818,162747333.00,1636,4090,8180,81800,818000,81800000,818000000
CHC,2010,75,4.18,685,146859000.00,1370,3425,6850,68500,685000,68500000,685000000
CHW,2010,88,4.09,752,108273197.00,1504,3760,7520,75200,752000,75200000,752000000
CIN,2010,91,4.01,709,72386544.00,1418,3545,7090,70900,709000,70900000,709000000
CLE,2010,69,4.30,646,61203967.00,1292,3230,6460,64600,646000,64600000,646000000
COL,2010,83,4.14,770,84227000.00,1540,3850,7700,77000,770000,77000000,770000000
DET,2010,81,4.30,751,122864929.00,1502,3755,7510,75100,751000,75100000,751000000
HOU,2010,76,4.09,611,92355500.00,1222,3055,6110,61100,611000,61100000,611000000
KCR,2010,67,4.91,676,72267710.00,1352,3380,6760,67600,676000,67600000,676000000
LAA,2010,80,4.04,681,105013667.00,1362,3405,6810,68100,681000,68100000,681000000
LAD,2010,80,4.01,667,93540753.00,1334,3335,6670,66700,667000,66700000,667000000
MIA,2010,80,4.08,719,55641500.00,1438,3595,7190,71900,719000,71900000,719000000
MIL,2010,77,4.58,750,81108279.00,1500,3750,7500,75000,750000,75000000,750000000
MIN,2010,94,3.95,781,97559167.00,1562,3905,7810,78100,781000,78100000,781000000
NYM,2010,79,3.70,656,132701445.00,1312,3280,6560,65600,656000,65600000,656000000
NYY,2010,95,4.06,859,206333389.00,1718,4295,8590,85900,859000,85900000,859000000
OAK,2010,81,3.56,663,51654900.00,1326,3315,6630,66300,663000,66300000,663000000
PHI,2010,97,3.67,772,141927381.00,1544,3860,7720,77200,772000,77200000,772000000
PIT,2010,57,5.00,587,34943000.00,1174,2935,5870,58700,587000,58700000,587000000
SDP,2010,90,3.39,665,37799300.00,1330,3325,6650,66500,665000,66500000,665000000
SEA,2010,61,3.93,513,98376667.00,1026,2565,5130,51300,513000,51300000,513000000
SFG,2010,92,3.36,697,97828833.00,1394,3485,6970,69700,697000,69700000,697000000
STL,2010,86,3.57,736,95540753.00,1472,3680,7360,73600,736000,73600000,736000000
TBR,2010,96,3.78,802,71923471.00,1604,4010,8020,80200,802000,80200000,802000000
TEX,2010,90,3.93,787,55250545.00,1574,3935,7870,78700,787000,78700000,787000000
TOR,2010,85,4.22,755,62689357.00,1510,3775,7550,75500,755000,75500000,755000000
WSN,2010,69,4.13,655,61425500.00,1310,3275,6550,65500,655000,65500000,655000000
ARI,2009,70,4.42,720,73571667.00,1440,3600,7200,72000,720000,72000000,720000000
ATL,2009,86,3.57,735,96726167.00,1470,3675,7350,73500,735000,73500000,735000000
BAL,2009,64,5.15,741,67101667.00,1482,3705,7410,74100,741000,74100000,741000000
BOS,2009,95,4.35,872,122696000.00,1744,4360,8720,87200,872000,87200000,872000000
CHC,2009,83,3.84,707,135050000.00,1414,3535,7070,70700,707000,70700000,707000000
CHW,2009,79,4.14,724,96068500.00,1448,3620,7240,72400,724000,72400000,724000000
CIN,2009,78,4.18,673,70968500.00,1346,3365,6730,67300,673000,67300000,673000000
CLE,2009,65,5.06,773,81625567.00,1546,3865,7730,77300,773000,77300000,773000000
COL,2009,92,4.22,804,75201000.00,1608,4020,8040,80400,804000,80400000,804000000
DET,2009,86,4.29,743,115085145.00,1486,3715,7430,74300,743000,74300000,743000000
HOU,2009,74,4.54,643,102996415.00,1286,3215,6430,64300,643000,64300000,643000000
KCR,2009,65,4.83,686,70908333.00,1372,3430,6860,68600,686000,68600000,686000000
LAA,2009,97,4.45,883,113709000.00,1766,4415,8830,88300,883000,88300000,883000000
LAD,2009,95,3.41,780,100458101.00,1560,3900,7800,78000,780000,78000000,780000000
MIA,2009,87,4.29,772,36814000.00,1544,3860,7720,77200,772000,77200000,772000000
MIL,2009,80,4.83,785,80257502.00,1570,3925,7850,78500,785000,78500000,785000000
MIN,2009,87,4.50,817,65299267.00,1634,4085,8170,81700,817000,81700000,817000000
NYM,2009,70,4.45,671,135773988.00,1342,3355,6710,67100,671000,67100000,671000000
NYY,2009,103,4.26,915,201449289.00,1830,4575,9150,91500,915000,91500000,915000000
OAK,2009,75,4.26,759,62310000.00,1518,3795,7590,75900,759000,75900000,759000000
PHI,2009,93,4.16,820,113004048.00,1640,4100,8200,82000,820000,82000000,820000000
PIT,2009,62,4.59,636,48743000.00,1272,3180,6360,63600,636000,63600000,636000000
SDP,2009,75,4.37,638,42796700.00,1276,3190,6380,63800,638000,63800000,638000000
SEA,2009,85,3.87,640,98904167.00,1280,3200,6400,64000,640000,64000000,640000000
SFG,2009,88,3.55,657,82161450.00,1314,3285,6570,65700,657000,65700000,657000000
STL,2009,91,3.66,730,88528411.00,1460,3650,7300,73000,730000,73000000,730000000
TBR,2009,84,4.33,803,63313035.00,1606,4015,8030,80300,803000,80300000,803000000
TEX,2009,87,4.38,784,68646023.00,1568,3920,7840,78400,784000,78400000,784000000
TOR,2009,75,4.47,798,80993657.00,1596,3990,7980,79800,798000,79800000,798000000
WSN,2009,59,5.00,710,59328000.00,1420,3550,7100,71000,710000,71000000,710000000
ARI,2008,82,3.98,720,66202713.00,1440,3600,7200,72000,720000,72000000,720000000
ATL,2008,72,4.46,753,102424018.00,1506,3765,7530,75300,753000,75300000,753000000
BAL,2008,68,5.13,782,67196248.00,1564,3910,7820,78200,782000,78200000,782000000
BOS,2008,95,4.01,845,133440037.00,1690,4225,8450,84500,845000,84500000,845000000
CHC,2008,97,3.87,855,118595833.00,1710,4275,8550,85500,855000,85500000,855000000
CHW,2008,89,4.06,811,121152667.00,1622,4055,8110,81100,811000,81100000,811000000
CIN,2008,74,4.55,704,74277695.00,1408,3520,7040,70400,704000,70400000,704000000
CLE,2008,81,4.45,805,78970067.00,1610,4025,8050,80500,805000,80500000,805000000
COL,2008,74,4.77,747,68655500.00,1494,3735,7470,74700,747000,74700000,747000000
DET,2008,74,4.9,821,138685197.00,1642,4105,8210,82100,821000,82100000,821000000
HOU,2008,86,4.36,712,88930415.00,1424,3560,7120,71200,712000,71200000,712000000
KCR,2008,75,4.48,691,58245500.00,1382,3455,6910,69100,691000,69100000,691000000
LAA,2008,100,3.99,765,119216333.00,1530,3825,7650,76500,765000,76500000,765000000
LAD,2008,84,3.68,700,118536038.00,1400,3500,7000,70000,700000,70000000,700000000
MIA,2008,84,4.43,770,21836500.00,1540,3850,7700,77000,770000,77000000,770000000
MIL,2008,90,3.85,750,81004167.00,1500,3750,7500,75000,750000,75000000,750000000
MIN,2008,88,4.16,829,62182767.00,1658,4145,8290,82900,829000,82900000,829000000
NYM,2008,89,4.07,799,138293378.00,1598,3995,7990,79900,799000,79900000,799000000
NYY,2008,89,4.28,789,209081579.00,1578,3945,7890,78900,789000,78900000,789000000
OAK,2008,75,4.01,646,47967126.00,1292,3230,6460,64600,646000,64600000,646000000
PHI,2008,92,3.88,799,98269881.00,1598,3995,7990,79900,799000,79900000,799000000
PIT,2008,67,5.08,735,49365283.00,1470,3675,7350,73500,735000,73500000,735000000
SDP,2008,63,4.41,637,73677617.00,1274,3185,6370,63700,637000,63700000,637000000
SEA,2008,61,4.73,671,117993982.00,1342,3355,6710,67100,671000,67100000,671000000
SFG,2008,72,4.38,641,76904500.00,1282,3205,6410,64100,641000,64100000,641000000
STL,2008,86,4.19,779,100624450.00,1558,3895,7790,77900,779000,77900000,779000000
TBR,2008,97,3.82,774,43820598.00,1548,3870,7740,77400,774000,77400000,774000000
TEX,2008,79,5.37,901,68239551.00,1802,4505,9010,90100,901000,90100000,901000000
TOR,2008,86,3.49,714,98641957.00,1428,3570,7140,71400,714000,71400000,714000000
WSN,2008,59,4.66,641,54961000.00,1282,3205,6410,64100,641000,64100000,641000000
ARI,2007,90,4.13,712,52067546.00,1424,3560,7120,71200,712000,71200000,712000000
ATL,2007,84,4.11,810,89492685.00,1620,4050,8100,81000,810000,81000000,810000000
BAL,2007,69,5.17,756,95107807.00,1512,3780,7560,75600,756000,75600000,756000000
BOS,2007,96,3.87,867,143526214.00,1734,4335,8670,86700,867000,86700000,867000000
CHC,2007,85,4.04,752,99937000.00,1504,3760,7520,75200,752000,75200000,752000000
CHW,2007,72,4.77,693,109680167.00,1386,3465,6930,69300,693000,69300000,693000000
CIN,2007,72,4.94,783,69154980.00,1566,3915,7830,78300,783000,78300000,783000000
CLE,2007,96,4.05,811,61673267.00,1622,4055,8110,81100,811000,81100000,811000000
COL,2007,90,4.32,860,54424000.00,1720,4300,8600,86000,860000,86000000,860000000
DET,2007,88,4.57,887,95180369.00,1774,4435,8870,88700,887000,88700000,887000000
HOU,2007,73,4.68,723,87759500.00,1446,3615,7230,72300,723000,72300000,723000000
KCR,2007,69,4.48,706,67366500.00,1412,3530,7060,70600,706000,70600000,706000000
LAA,2007,94,4.23,822,109251333.00,1644,4110,8220,82200,822000,82200000,822000000
LAD,2007,82,4.2,735,108704524.00,1470,3675,7350,73500,735000,73500000,735000000
MIA,2007,71,4.94,790,30507000.00,1580,3950,7900,79000,790000,79000000,790000000
MIL,2007,83,4.41,801,71986500.00,1602,4005,8010,80100,801000,80100000,801000000
MIN,2007,79,4.15,718,71439500.00,1436,3590,7180,71800,718000,71800000,718000000
NYM,2007,88,4.26,804,117915819.00,1608,4020,8040,80400,804000,80400000,804000000
NYY,2007,94,4.49,968,195229045.00,1936,4840,9680,96800,968000,96800000,968000000
OAK,2007,76,4.28,741,79938369.00,1482,3705,7410,74100,741000,74100000,741000000
PHI,2007,89,4.73,892,89368214.00,1784,4460,8920,89200,892000,89200000,892000000
PIT,2007,68,4.93,724,38604500.00,1448,3620,7240,72400,724000,72400000,724000000
SDP,2007,89,3.7,741,58235567.00,1482,3705,7410,74100,741000,74100000,741000000
SEA,2007,88,4.73,794,106516833.00,1588,3970,7940,79400,794000,79400000,794000000
SFG,2007,71,4.19,683,90469056.00,1366,3415,6830,68300,683000,68300000,683000000
STL,2007,78,4.65,725,90286823.00,1450,3625,7250,72500,725000,72500000,725000000
TBR,2007,66,5.53,782,24124200.00,1564,3910,7820,78200,782000,78200000,782000000
TEX,2007,75,4.75,816,68818675.00,1632,4080,8160,81600,816000,81600000,816000000
TOR,2007,83,4,753,79925600.00,1506,3765,7530,75300,753000,75300000,753000000
WSN,2007,73,4.58,673,37347500.00,1346,3365,6730,67300,673000,67300000,673000000
ARI,2006,76,4.48,773,61466435.00,1546,3865,7730,77300,773000,77300000,773000000
ATL,2006,79,4.6,849,92185986.00,1698,4245,8490,84900,849000,84900000,849000000
BAL,2006,70,5.35,768,76138206.00,1536,3840,7680,76800,768000,76800000,768000000
BOS,2006,86,4.83,820,137497097.00,1640,4100,8200,82000,820000,82000000,820000000
CHC,2006,66,4.74,716,99021384.00,1432,3580,7160,71600,716000,71600000,716000000
CHW,2006,90,4.61,868,96913615.00,1736,4340,8680,86800,868000,86800000,868000000
CIN,2006,80,4.51,749,63697573.00,1498,3745,7490,74900,749000,74900000,749000000
CLE,2006,78,4.41,870,52414602.00,1740,4350,8700,87000,870000,87000000,870000000
COL,2006,76,4.66,813,53238293.00,1626,4065,8130,81300,813000,81300000,813000000
DET,2006,95,3.84,822,89763276.00,1644,4110,8220,82200,822000,82200000,822000000
HOU,2006,82,4.08,735,107659635.00,1470,3675,7350,73500,735000,73500000,735000000
KCR,2006,62,5.65,757,51467137.00,1514,3785,7570,75700,757000,75700000,757000000
LAA,2006,89,4.04,766,104016671.00,1532,3830,7660,76600,766000,76600000,766000000
LAD,2006,88,4.23,820,107260989.00,1640,4100,8200,82000,820000,82000000,820000000
MIA,2006,78,4.37,758,21124332.00,1516,3790,7580,75800,758000,75800000,758000000
MIL,2006,75,4.82,730,58075937.00,1460,3650,7300,73000,730000,73000000,730000000
MIN,2006,96,3.95,801,64809258.00,1602,4005,8010,80100,801000,80100000,801000000
NYM,2006,97,4.14,834,116571696.00,1668,4170,8340,83400,834000,83400000,834000000
NYY,2006,97,4.41,930,207461320.00,1860,4650,9300,93000,930000,93000000,930000000
OAK,2006,93,4.21,771,70967799.00,1542,3855,7710,77100,771000,77100000,771000000
PHI,2006,85,4.61,865,93329232.00,1730,4325,8650,86500,865000,86500000,865000000
PIT,2006,67,4.52,691,43443685.00,1382,3455,6910,69100,691000,69100000,691000000
SDP,2006,88,3.87,731,73796449.00,1462,3655,7310,73100,731000,73100000,731000000
SEA,2006,78,4.6,756,95335400.00,1512,3780,7560,75600,756000,75600000,756000000
SFG,2006,76,4.63,746,98978681.00,1492,3730,7460,74600,746000,74600000,746000000
STL,2006,83,4.54,781,96115466.00,1562,3905,7810,78100,781000,78100000,781000000
TBR,2006,61,4.96,689,36446477.00,1378,3445,6890,68900,689000,68900000,689000000
TEX,2006,80,4.6,835,82730146.00,1670,4175,8350,83500,835000,83500000,835000000
TOR,2006,87,4.37,809,72439018.00,1618,4045,8090,80900,809000,80900000,809000000
WSN,2006,71,5.03,746,67483815.00,1492,3730,7460,74600,746000,74600000,746000000
ARI,2005,77,4.84,696,60803968.00,1392,3480,6960,69600,696000,69600000,696000000
ATL,2005,90,3.98,769,85873582.00,1538,3845,7690,76900,769000,76900000,769000000
BAL,2005,74,4.56,729,81041711.00,1458,3645,7290,72900,729000,72900000,729000000
BOS,2005,95,4.74,910,116640070.00,1820,4550,9100,91000,910000,91000000,910000000
CHC,2005,79,4.19,703,76598500.00,1406,3515,7030,70300,703000,70300000,703000000
CHW,2005,99,3.61,741,73162000.00,1482,3705,7410,74100,741000,74100000,741000000
CIN,2005,73,5.15,820,49501275.00,1640,4100,8200,82000,820000,82000000,820000000
CLE,2005,93,3.61,790,40684100.00,1580,3950,7900,79000,790000,79000000,790000000
COL,2005,67,5.13,740,32504000.00,1480,3700,7400,74000,740000,74000000,740000000
DET,2005,71,4.51,723,68751682.00,1446,3615,7230,72300,723000,72300000,723000000
HOU,2005,89,3.51,693,76186763.00,1386,3465,6930,69300,693000,69300000,693000000
KCR,2005,56,5.49,701,34903000.00,1402,3505,7010,70100,701000,70100000,701000000
LAA,2005,95,3.68,761,96951322.00,1522,3805,7610,76100,761000,76100000,761000000
LAD,2005,71,4.38,685,87753000.00,1370,3425,6850,68500,685000,68500000,685000000
MIA,2005,83,4.16,717,56273212.00,1434,3585,7170,71700,717000,71700000,717000000
MIL,2005,81,3.97,726,42752833.00,1452,3630,7260,72600,726000,72600000,726000000
MIN,2005,83,3.71,688,56338000.00,1376,3440,6880,68800,688000,68800000,688000000
NYM,2005,83,3.76,722,103985823.00,1444,3610,7220,72200,722000,72200000,722000000
NYY,2005,95,4.52,886,207152931.00,1772,4430,8860,88600,886000,88600000,886000000
OAK,2005,88,3.69,772,58425354.00,1544,3860,7720,77200,772000,77200000,772000000
PHI,2005,88,4.21,807,94848907.00,1614,4035,8070,80700,807000,80700000,807000000
PIT,2005,67,4.42,680,30139200.00,1360,3400,6800,68000,680000,68000000,680000000
SDP,2005,82,4.13,684,66333633.00,1368,3420,6840,68400,684000,68400000,684000000
SEA,2005,69,4.49,699,70513167.00,1398,3495,6990,69900,699000,69900000,699000000
SFG,2005,75,4.33,649,83316989.00,1298,3245,6490,64900,649000,64900000,649000000
STL,2005,100,3.49,805,87368220.00,1610,4025,8050,80500,805000,80500000,805000000
TBR,2005,67,5.39,750,26615413.00,1500,3750,7500,75000,750000,75000000,750000000
TEX,2005,79,4.96,865,49870201.00,1730,4325,8650,86500,865000,86500000,865000000
TOR,2005,80,4.06,775,45698000.00,1550,3875,7750,77500,775000,77500000,775000000
WSN,2005,81,3.87,639,62866000.00,1278,3195,6390,63900,639000,63900000,639000000
ARI,2004,51,4.98,615,69780750.00,1230,3075,6150,61500,615000,61500000,615000000
ATL,2004,96,3.74,803,90182500.00,1606,4015,8030,80300,803000,80300000,803000000
BAL,2004,78,4.7,842,51623333.00,1684,4210,8420,84200,842000,84200000,842000000
BOS,2004,98,4.18,949,127298500.00,1898,4745,9490,94900,949000,94900000,949000000
CHC,2004,89,3.81,789,90560000.33,1578,3945,7890,78900,789000,78900000,789000000
CHW,2004,83,4.91,865,65212500.00,1730,4325,8650,86500,865000,86500000,865000000
CIN,2004,76,5.19,750,46615250.00,1500,3750,7500,75000,750000,75000000,750000000
CLE,2004,80,4.81,858,34319300.00,1716,4290,8580,85800,858000,85800000,858000000
COL,2004,68,5.54,833,65445167.00,1666,4165,8330,83300,833000,83300000,833000000
DET,2004,72,4.93,827,46832000.00,1654,4135,8270,82700,827000,82700000,827000000
HOU,2004,92,4.05,803,75397000.00,1606,4015,8030,80300,803000,80300000,803000000
KCR,2004,58,5.15,720,47609000.00,1440,3600,7200,72000,720000,72000000,720000000
LAA,2004,92,4.29,836,100534667.00,1672,4180,8360,83600,836000,83600000,836000000
LAD,2004,93,4.01,761,92902001.00,1522,3805,7610,76100,761000,76100000,761000000
MIA,2004,83,4.1,718,42143042.00,1436,3590,7180,71800,718000,71800000,718000000
MIL,2004,67,4.24,634,27528500.00,1268,3170,6340,63400,634000,63400000,634000000
MIN,2004,92,4.03,780,53585000.00,1560,3900,7800,78000,780000,78000000,780000000
MON,2004,67,4.33,635,24137500.00,1270,3175,6350,63500,635000,63500000,635000000
NYM,2004,71,4.09,684,96660970.00,1368,3420,6840,68400,684000,68400000,684000000
NYY,2004,101,4.69,897,184193950.00,1794,4485,8970,89700,897000,89700000,897000000
OAK,2004,91,4.17,793,59425667.00,1586,3965,7930,79300,793000,79300000,793000000
PHI,2004,86,4.45,840,93219167.00,1680,4200,8400,84000,840000,84000000,840000000
PIT,2004,72,4.29,680,32227929.00,1360,3400,6800,68000,680000,68000000,680000000
SDP,2004,87,4.03,768,55384833.00,1536,3840,7680,76800,768000,76800000,768000000
SEA,2004,63,4.76,698,81515834.00,1396,3490,6980,69800,698000,69800000,698000000
SFG,2004,91,4.29,850,82019166.00,1700,4250,8500,85000,850000,85000000,850000000
STL,2004,105,3.75,855,83228333.00,1710,4275,8550,85500,855000,85500000,855000000
TBR,2004,70,4.81,714,29556667.00,1428,3570,7140,71400,714000,71400000,714000000
TEX,2004,89,4.53,860,55050417.00,1720,4300,8600,86000,860000,86000000,860000000
TOR,2004,67,4.91,719,50017000.00,1438,3595,7190,71900,719000,71900000,719000000
ARI,2003,84,3.84,717,80657000.00,1434,3585,7170,71700,717000,71700000,717000000
ATL,2003,101,4.1,907,106243667.00,1814,4535,9070,90700,907000,90700000,907000000
BAL,2003,71,4.76,743,73877500.00,1486,3715,7430,74300,743000,74300000,743000000
BOS,2003,95,4.48,961,99946000.00,1922,4805,9610,96100,961000,96100000,961000000
CHC,2003,88,3.83,724,79868333.00,1448,3620,7240,72400,724000,72400000,724000000
CHW,2003,86,4.17,791,51010000.00,1582,3955,7910,79100,791000,79100000,791000000
CIN,2003,69,5.09,694,59355667.00,1388,3470,6940,69400,694000,69400000,694000000
CLE,2003,68,4.21,699,48584834.00,1398,3495,6990,69900,699000,69900000,699000000
COL,2003,74,5.2,853,67179667.00,1706,4265,8530,85300,853000,85300000,853000000
DET,2003,43,5.3,591,49168000.00,1182,2955,5910,59100,591000,59100000,591000000
HOU,2003,87,3.86,805,71040000.00,1610,4025,8050,80500,805000,80500000,805000000
KCR,2003,83,5.05,836,40518000.00,1672,4180,8360,83600,836000,83600000,836000000
LAA,2003,77,4.28,736,79031667.00,1472,3680,7360,73600,736000,73600000,736000000
LAD,2003,85,3.16,574,105872620.00,1148,2870,5740,57400,574000,57400000,574000000
MIA,2003,91,4.04,751,48750000.00,1502,3755,7510,75100,751000,75100000,751000000
MIL,2003,68,5.02,714,40627000.00,1428,3570,7140,71400,714000,71400000,714000000
MIN,2003,90,4.41,801,55505100.00,1602,4005,8010,80100,801000,80100000,801000000
MON,2003,83,4.01,711,31954000.00,1422,3555,7110,71100,711000,71100000,711000000
NYM,2003,66,4.48,642,117176429.00,1284,3210,6420,64200,642000,64200000,642000000
NYY,2003,101,4.02,877,152749814.00,1754,4385,8770,87700,877000,87700000,877000000
OAK,2003,96,3.63,768,50260834.00,1536,3840,7680,76800,768000,76800000,768000000
PHI,2003,86,4.04,791,70780000.00,1582,3955,7910,79100,791000,79100000,791000000
PIT,2003,75,4.64,753,54812429.00,1506,3765,7530,75300,753000,75300000,753000000
SDP,2003,64,4.87,678,45210000.00,1356,3390,6780,67800,678000,67800000,678000000
SEA,2003,93,3.76,795,86959167.00,1590,3975,7950,79500,795000,79500000,795000000
SFG,2003,100,3.73,755,82852167.00,1510,3775,7550,75500,755000,75500000,755000000
STL,2003,85,4.6,876,83786666.00,1752,4380,8760,87600,876000,87600000,876000000
TBR,2003,63,4.93,715,19630000.00,1430,3575,7150,71500,715000,71500000,715000000
TEX,2003,71,5.67,826,103491667.00,1652,4130,8260,82600,826000,82600000,826000000
TOR,2003,86,4.69,894,51269000.00,1788,4470,8940,89400,894000,89400000,894000000
ARI,2002,98,3.92,819,102819999.00,1638,4095,8190,81900,819000,81900000,819000000
ATL,2002,101,3.13,708,93470367.00,1416,3540,7080,70800,708000,70800000,708000000
BAL,2002,67,4.46,667,60493487.00,1334,3335,6670,66700,667000,66700000,667000000
BOS,2002,93,3.75,859,108366060.00,1718,4295,8590,85900,859000,85900000,859000000
CHC,2002,67,4.29,706,75690833.00,1412,3530,7060,70600,706000,70600000,706000000
CHW,2002,81,4.53,856,57052833.00,1712,4280,8560,85600,856000,85600000,856000000
CIN,2002,78,4.27,709,45050390.00,1418,3545,7090,70900,709000,70900000,709000000
CLE,2002,74,4.91,739,78909449.00,1478,3695,7390,73900,739000,73900000,739000000
COL,2002,73,5.2,778,56851043.00,1556,3890,7780,77800,778000,77800000,778000000
DET,2002,55,4.92,575,55048000.00,1150,2875,5750,57500,575000,57500000,575000000
HOU,2002,84,4,749,63448417.00,1498,3745,7490,74900,749000,74900000,749000000
KCR,2002,62,5.21,737,47257000.00,1474,3685,7370,73700,737000,73700000,737000000
LAA,2002,99,3.69,851,61721667.00,1702,4255,8510,85100,851000,85100000,851000000
LAD,2002,92,3.69,713,94850953.00,1426,3565,7130,71300,713000,71300000,713000000
MIA,2002,79,4.36,699,41979917.00,1398,3495,6990,69900,699000,69900000,699000000
MIL,2002,56,4.73,627,50287833.00,1254,3135,6270,62700,627000,62700000,627000000
MIN,2002,94,4.12,768,40225000.00,1536,3840,7680,76800,768000,76800000,768000000
MON,2002,83,3.97,735,27374667.00,1470,3675,7350,73500,735000,73500000,735000000
NYM,2002,75,3.89,690,94633593.00,1380,3450,6900,69000,690000,69000000,690000000
NYY,2002,103,3.87,897,125928583.00,1794,4485,8970,89700,897000,89700000,897000000
OAK,2002,103,3.68,800,40004167.00,1600,4000,8000,80000,800000,80000000,800000000
PHI,2002,80,4.17,710,57954999.00,1420,3550,7100,71000,710000,71000000,710000000
PIT,2002,72,4.23,641,42323599.00,1282,3205,6410,64100,641000,64100000,641000000
SDP,2002,66,4.62,662,41425000.00,1324,3310,6620,66200,662000,66200000,662000000
SEA,2002,93,4.07,814,80282668.00,1628,4070,8140,81400,814000,81400000,814000000
SFG,2002,95,3.54,783,78299835.00,1566,3915,7830,78300,783000,78300000,783000000
STL,2002,97,3.7,787,74660875.00,1574,3935,7870,78700,787000,78700000,787000000
TBR,2002,55,5.29,673,34380000.00,1346,3365,6730,67300,673000,67300000,673000000
TEX,2002,72,5.15,843,105726122.00,1686,4215,8430,84300,843000,84300000,843000000
TOR,2002,78,4.8,813,76864333.00,1626,4065,8130,81300,813000,81300000,813000000
ARI,2001,92,3.87,818,85247999.00,1636,4090,8180,81800,818000,81800000,818000000
ATL,2001,88,3.59,729,91936166.00,1458,3645,7290,72900,729000,72900000,729000000
BAL,2001,63,4.67,687,74279540.00,1374,3435,6870,68700,687000,68700000,687000000
BOS,2001,82,4.15,772,109675833.00,1544,3860,7720,77200,772000,77200000,772000000
CHC,2001,88,4.03,777,64515833.00,1554,3885,7770,77700,777000,77700000,777000000
CHW,2001,83,4.55,798,65628667.00,1596,3990,7980,79800,798000,79800000,798000000
CIN,2001,66,4.77,735,48784000.00,1470,3675,7350,73500,735000,73500000,735000000
CLE,2001,91,4.64,897,92660001.00,1794,4485,8970,89700,897000,89700000,897000000
COL,2001,73,5.29,923,71541334.00,1846,4615,9230,92300,923000,92300000,923000000
DET,2001,66,5.01,724,49356167.00,1448,3620,7240,72400,724000,72400000,724000000
HOU,2001,93,4.37,847,60387667.00,1694,4235,8470,84700,847000,84700000,847000000
KCR,2001,65,4.87,729,35422500.00,1458,3645,7290,72900,729000,72900000,729000000
LAA,2001,75,4.25,691,47735168.00,1382,3455,6910,69100,691000,69100000,691000000
LAD,2001,86,4.25,758,109105953.00,1516,3790,7580,75800,758000,75800000,758000000
MIA,2001,76,4.32,742,35562500.00,1484,3710,7420,74200,742000,74200000,742000000
MIL,2001,68,4.64,740,45099333.00,1480,3700,7400,74000,740000,74000000,740000000
MIN,2001,85,4.51,771,24130000.00,1542,3855,7710,77100,771000,77100000,771000000
MON,2001,68,4.68,670,22015000.00,1340,3350,6700,67000,670000,67000000,670000000
NYM,2001,82,4.07,642,93674428.00,1284,3210,6420,64200,642000,64200000,642000000
NYY,2001,95,4.02,804,112287143.00,1608,4020,8040,80400,804000,80400000,804000000
OAK,2001,102,3.59,884,33810750.00,1768,4420,8840,88400,884000,88400000,884000000
PHI,2001,86,4.15,746,41663833.00,1492,3730,7460,74600,746000,74600000,746000000
PIT,2001,62,5.05,657,57760833.00,1314,3285,6570,65700,657000,65700000,657000000
SDP,2001,79,4.52,789,38882833.00,1578,3945,7890,78900,789000,78900000,789000000
SEA,2001,116,3.54,927,74720834.00,1854,4635,9270,92700,927000,92700000,927000000
SFG,2001,90,4.18,799,63280167.00,1598,3995,7990,79900,799000,79900000,799000000
STL,2001,93,3.93,814,78333333.00,1628,4070,8140,81400,814000,81400000,814000000
TBR,2001,62,4.94,672,56980000.00,1344,3360,6720,67200,672000,67200000,672000000
TEX,2001,73,5.71,890,88633500.00,1780,4450,8900,89000,890000,89000000,890000000
TOR,2001,80,4.28,767,76895999.00,1534,3835,7670,76700,767000,76700000,767000000
ARI,2000,85,4.35,792,79230333.00,1584,3960,7920,79200,792000,79200000,792000000
ATL,2000,95,4.05,810,82732500.00,1620,4050,8100,81000,810000,81000000,810000000
BAL,2000,74,5.37,794,83141198.00,1588,3970,7940,79400,794000,79400000,794000000
BOS,2000,85,4.23,792,81210333.00,1584,3960,7920,79200,792000,79200000,792000000
CHC,2000,65,5.25,764,62129333.00,1528,3820,7640,76400,764000,76400000,764000000
CHW,2000,95,4.66,978,31159000.00,1956,4890,9780,97800,978000,97800000,978000000
CIN,2000,85,4.33,825,44217500.00,1650,4125,8250,82500,825000,82500000,825000000
CLE,2000,90,4.84,950,76508334.00,1900,4750,9500,95000,950000,95000000,950000000
COL,2000,82,5.26,968,61314190.00,1936,4840,9680,96800,968000,96800000,968000000
DET,2000,79,4.71,823,61740167.00,1646,4115,8230,82300,823000,82300000,823000000
HOU,2000,72,5.42,938,52081667.00,1876,4690,9380,93800,938000,93800000,938000000
KCR,2000,77,5.48,879,23682500.00,1758,4395,8790,87900,879000,87900000,879000000
LAA,2000,82,5,864,51266667.00,1728,4320,8640,86400,864000,86400000,864000000
LAD,2000,86,4.1,798,90375953.00,1596,3990,7980,79800,798000,79800000,798000000
MIA,2000,79,4.59,731,19870000.00,1462,3655,7310,73100,731000,73100000,731000000
MIL,2000,73,4.63,740,35782833.00,1480,3700,7400,74000,740000,74000000,740000000
MIN,2000,69,5.14,748,15654500.00,1496,3740,7480,74800,748000,74800000,748000000
MON,2000,67,5.13,738,20114333.00,1476,3690,7380,73800,738000,73800000,738000000
NYM,2000,94,4.16,807,79759762.00,1614,4035,8070,80700,807000,80700000,807000000
NYY,2000,87,4.76,871,92938260.00,1742,4355,8710,87100,871000,87100000,871000000
OAK,2000,91,4.58,947,32121833.00,1894,4735,9470,94700,947000,94700000,947000000
PHI,2000,65,4.77,708,46947667.00,1416,3540,7080,70800,708000,70800000,708000000
PIT,2000,69,4.94,793,26561667.00,1586,3965,7930,79300,793000,79300000,793000000
SDP,2000,76,4.52,752,54971000.00,1504,3760,7520,75200,752000,75200000,752000000
SEA,2000,91,4.49,907,59215000.00,1814,4535,9070,90700,907000,90700000,907000000
SFG,2000,97,4.21,925,53541000.00,1850,4625,9250,92500,925000,92500000,925000000
STL,2000,95,4.38,887,63093023.00,1774,4435,8870,88700,887000,88700000,887000000
TBR,2000,69,4.86,733,64407910.00,1466,3665,7330,73300,733000,73300000,733000000
TEX,2000,71,5.52,848,70785000.00,1696,4240,8480,84800,848000,84800000,848000000
TOR,2000,83,5.14,861,46363332.00,1722,4305,8610,86100,861000,86100000,861000000